,,,,,,,,,,,,
№,НАИМЕНОВАНИЯ,ИНН,НДС,Бухгалтер,bank klient,Столбец7,Назоратчи,Столбец10,% банк клиент,% бухгалтер,Ёркиной,Назоратчи  %
1,MONTAJ TEPLO ENERGO MCHJ,306033555,НДС,Sevara,Azizbek,"500,000.00",Zamira,20.00,"25,000.00",100000,35000,25000
2,"""FINANCE COUNCIL"" MCHJ",302672452,,Ruslan,Ruslan,"700,000.00",Go'zaloy,20.00,"35,000.00",140000,49000,35000
3,"""ЧП ""ROAD RIDERS""",306807944,,Abrorbek,Ruslan,"700,000.00",Go'zaloy,20.00,"35,000.00",140000,49000,35000
4,"ЧП ""SEVEN`S UP"" ",306918663,,Ruslan,Ruslan,"700,000.00",Go'zaloy,20.00,"35,000.00",140000,49000,35000
5,"ООО ""TEN BRANCHES""",307053253,,Go'zaloy,,0.00,Muslimbek,20.00,0.00,0,0,0
6,"СП ""ZIL-BAX""",307972154,,Mohirbek,Ruslan,"700,000.00",Musobek,20.00,"35,000.00",140000,49000,35000
7,"OOO ""SARDORBEK HOUSE"" ",308435425,,Ruslan,Ruslan,"700,000.00",Go'zaloy,20.00,"35,000.00",140000,49000,35000
8," ""DILFUZAXON AVTO"" ",304825630,НДС,Abrorbek,Ruslan,"2,000,000.00",Go'zaloy,20.00,"100,000.00",400000,140000,100000
9,"""SOF MEDTEX"" MCHJ",309899654,,Maxmuda,Azizbek,"6,000,000.00",Go'zaloy,20.00,"300,000.00",1200000,420000,300000
10,"OOO ""RONICS""",308023653,НДС,Muslimbek,Azizbek,"2,500,000.00",Go'zaloy,20.00,"125,000.00",500000,175000,125000
11,"""SAPRAMTECH"" OOO ",308820248,НДС,Muslimbek,Azizbek,"7,000,000.00",Go'zaloy,20.00,"350,000.00",1400000,490000,350000
12,GELECTRONIC,310055812,НДС,Mirabbos,Ruslan,"4,000,000.00",Muslimbek,20.00,"200,000.00",800000,280000,200000
13,SHIRIN XK,202536307,НДС,Go'zaloy,,"2,000,000.00",Muslimbek,25.00,0.00,500000,140000,100000
14,MELIOMASH,304940229,НДС,Go'zaloy,,0.00,Muslimbek,20.00,0.00,0,0,0
15," ""C A WOLVES"" ",305713761,НДС,Abdugani,Azizbek,"3,000,000.00",Muslimbek,20.00,"150,000.00",600000,210000,150000
16,"""AL-AZIZ ACADEMY"" НОУ",306784151,НДС,Musobek,Azizbek,"3,500,000.00",Go'zaloy,20.00,"175,000.00",700000,245000,175000
17,"ООО ""INTEST MAX""",307058508,НДС,Go'zaloy,Azizbek,"25,000,000.00",Muslimbek,20.00,"1,250,000.00",5000000,1750000,1250000
18,"""AVIA GORODOK""",307688389,НДС,Mohirbek,Ruslan,"1,000,000.00",Musobek,20.00,"50,000.00",200000,70000,50000
19,"""AVTOMATLASHTIRILGAN ELEKTRIK YURITMA""",201250775,,Sevara,,"500,000.00",Zamira,20.00,0.00,100000,35000,25000
20,BM UNIT,,,Humora,Azizbek,"1,000,000.00",Go'zaloy,20.00,"50,000.00",200000,70000,50000
21,"ООО ""AVTO LUXUSARY TRADE""  ",307043621,,Alisher,Ruslan,"1,000,000.00",Muslimbek,20.00,"50,000.00",200000,70000,50000
22,KOLBERG PRODUCTION,,,,,"50,000,000.00",,,,0,2500000,0
23," ""AKJ SEBZOR BO`LIMI"" ",305150198,НДС,Sevara,Ruslan,"500,000.00",Zamira,20.00,"25,000.00",100000,35000,25000
24," ""AKJ TUZEL BO`LIMI""",307829726,НДС,Sevara,Ruslan,"500,000.00",Zamira,20.00,"25,000.00",100000,35000,25000
25,"""WALL STREET ACADEMY"" ",306116238,НДС,Maxmuda,Ruslan,"2,300,000.00",Go'zaloy,20.00,"115,000.00",460000,161000,115000
27,LIDER ELITE,,,Zamira,Azizbek,"2,500,000.00",Go'zaloy,20.00,"125,000.00",500000,175000,125000
28,NATURE ECO WOOD MCHJ,309706846,НДС,Mirabbos,,,Muslimbek,20.00,0.00,0,0,0
29,Wood city 1999,,,Mirabbos,,,Muslimbek,20.00,0.00,0,0,0
30,"""G-R-A-N-D ELECTRONICS"" ",308038910,,Mirabbos,Azizbek,"1,000,000.00",Muslimbek,20.00,"50,000.00",200000,70000,50000
31,KIFTI OFTOB SARBONI,,,Mirabbos,Ruslan,"2,000,000.00",Muslimbek,20.00,"100,000.00",400000,140000,0
32,"ЧП ""MATYUSUF SALAEV""",206155668,НДС,Humora,Azizbek,0.00,Go'zaloy,20.00,0.00,0,0,0
33,"OOO ""MAGISTRAL TRANS QURILISH""",207189989,НДС,Humora,Ruslan,"3,500,000.00",Go'zaloy,20.00,"175,000.00",700000,245000,175000
34,"""SHIRIN LYUKS TAOM"" 01.09.2021",302813323,НДС,Musobek,,0.00,Go'zaloy,20.00,0.00,0,0,0
35,BY ETIKETKA,,,Abrorbek,Azizbek,"1,500,000.00",Go'zaloy,20.00,"75,000.00",300000,105000,75000
36, IN VITRO PLANTS,,,Mirabbos,Azizbek,"2,000,000.00",Muslimbek,20.00,"100,000.00",400000,140000,100000
37,"ООО ""BASKETBALL ACADEMY"" ",307205799,НДС,Otabek,Ruslan,"700,000.00",Muslimbek,20.00,"35,000.00",140000,49000,35000
38,"""KESH LOGIST""",307947611,НДС,Aziz shogird,Ruslan,"500,000.00",Musobek,20.00,"25,000.00",100000,35000,25000
39,"""GITA DASTURCHILAR AKADEMIYASI"" MCHJ",309238352,,Dilhush,Azizbek,"1,000,000.00",Go'zaloy,20.00,"50,000.00",200000,70000,50000
40,"""JS MUROTOV"" АДВОКАТЛИК БЮРОСИ"" ",207314302,,Maxmuda,Azizbek,"800,000.00",Go'zaloy,20.00,"40,000.00",160000,56000,40000
41,VMM RELIABLE LEGAL PROTECTION,207324203,,Maxmuda,Azizbek,"500,000.00",Go'zaloy,20.00,"25,000.00",100000,35000,25000
42,"""RUSLAN GRAND """,303451710,,Otabek,Ruslan,"1,500,000.00",Muslimbek,20.00,"75,000.00",300000,105000,75000
43,"ЧП ""CHIRCHIQ SAHOVAT"" ",307077420,,Ruslan,Ruslan,"400,000.00",Go'zaloy,20.00,"20,000.00",80000,28000,20000
44,"""JT INVESTMENT HUB"" ",307159792,,Maxmuda,Azizbek,"2,000,000.00",Go'zaloy,20.00,"100,000.00",400000,140000,100000
45,"""AMIRBEK-RUXSHONA PHARM"" XK",303328933,НДС,Zamira,,"4,000,000.00",Go'zaloy,20.00,0.00,800000,280000,200000
46,"""XASANOV SABIRJAN LASHOVICH"" AB",309188899,,Dilhush,Azizbek,"700,000.00",Go'zaloy,20.00,"35,000.00",140000,49000,35000
47,HAPPY CLEAN MChJ,309610674,,Dilhush,Azizbek,"1,000,000.00",Go'zaloy,20.00,"50,000.00",200000,70000,50000
48,"ООО ""HIGH-TECH GROUP""",307446998,НДС,Maxmuda,,"3,000,000.00",Go'zaloy,20.00,0.00,600000,210000,150000
49,XK UNIMEAL BUSINESS ENTITY,308763019,,Humora,Azizbek,"1,000,000.00",Go'zaloy,20.00,"50,000.00",200000,70000,50000
50,"""ЧП INTER PROF EDUCATION"" ",304107369,НДС,Humora,Ruslan,"2,000,000.00",Go'zaloy,20.00,"100,000.00",400000,140000,100000
51,"LANGUAGE ACADEMY"" ",305610162,НДС,Abdugani,Azizbek,"2,500,000.00",Go'zaloy,20.00,"125,000.00",500000,175000,125000
52,BEK AND COMPANY,,,Mirabbos,Azizbek,"1,000,000.00",Muslimbek,20.00,"50,000.00",200000,70000,50000
53,7-NINE МЧЖ ,308836242,НДС,Musobek,Azizbek,"1,500,000.00",Go'zaloy,20.00,"75,000.00",300000,105000,75000
54,BELLSTORE,,,Go'zaloy,Azizbek,"1,000,000.00",Muslimbek,20.00,"50,000.00",200000,70000,50000
55,TRUST MEDICAL LAB,307409092,,Mirabbos,Ruslan,"1,500,000.00",Muslimbek,20.00,"75,000.00",300000,105000,75000
56," ""STUDY GUIDE"" ",303408381,НДС,Abdugani,Azizbek,"4,000,000.00",Muslimbek,20.00,"200,000.00",800000,280000,200000
57,HILOL PHARM     ,305979201,НДС,Abdugani,Azizbek,"2,500,000.00",Go'zaloy,20.00,"125,000.00",500000,175000,125000
58,"""HI-TECH ORIENT MED-BUSINESS MCHJ",306672520,НДС,Muslimbek,,"4,000,000.00",Go'zaloy,20.00,0.00,800000,280000,200000
59,"""FINANCE SCHOOL""",308234589,НДС,Humora,Ruslan,"700,000.00",Go'zaloy,20.00,"35,000.00",140000,49000,35000
60,"""KIDS NUR CITY"" ООО",306774385,НДС,Musobek,Azizbek,"4,350,000.00",Go'zaloy,20.00,"217,500.00",870000,304500,217500
61,TAKSIM-KEBAB GROUP MCHJ,309695560,,Abdugani,Ruslan,0.00,Go'zaloy,20.00,0.00,0,0,0
62,NIGINA FARM,,НДС,Zamira,,"5,000,000.00",Go'zaloy,20.00,0.00,1000000,350000,250000
63,DOUBLE X PRO,,,Hasan,Azizbek,"1,000,000.00",Muslimbek,20.00,"50,000.00",200000,70000,50000
64,"""MUZAFFARXO`JA-HILOL"" Х.Ф.",206450634,НДС,Musobek,Ruslan,"2,500,000.00",Go'zaloy,20.00,"125,000.00",500000,175000,125000
65,VIRTUS-SOCIUM МЧЖ   ,308241991,НДС,Abrorbek,Azizbek,0.00,Go'zaloy,,0.00,0,,0
66,"""PHARM SMART"" MCHJ",309680747,НДС,Otabek,Azizbek,"4,000,000.00",Muslimbek,20.00,"200,000.00",800000,280000,200000
67,PHARZAM FARM,,,Javohir,Ruslan,"3,000,000.00",Muslimbek,20.00,"150,000.00",600000,210000,150000
68,MIRGAS OIL MCHJ ,309291123,НДС,Mirabbos,Azizbek,"1,500,000.00",Muslimbek,20.00,"75,000.00",300000,105000,75000
69,TRINITY TECHNOLOGY MCHJ,305218618,НДС,,,"20,000,000.00",,25.00,0.00,,1400000,
70,SOBIROV I YATT,,,Abdugani,,"200,000.00",Go'zaloy,20.00,,40000,14000,10000
71,RIZO MULK MCHJ,309918004,,Abrorbek,,"1,000,000.00",Go'zaloy,20.00,0.00,200000,70000,50000
72,ENGLIFY,,,Axmadjon,Ruslan,"11,000,000.00",Muslimbek,20.00,"200,000.00",0,770000,550000
73, J-R GROUP,,,Mirabbos,Azizbek,"1,000,000.00",Muslimbek,20.00,"50,000.00",200000,70000,50000
74,BADEX LIFE,,,Muslimbek,Ruslan,"2,500,000.00",Go'zaloy,20.00,"125,000.00",500000,175000,125000
75,RONICS ENGINEERING TEAM,310310683,,Muslimbek,Azizbek,"700,000.00",Go'zaloy,20.00,"35,000.00",140000,49000,35000
76,Raximjonova Dilnoza YATT,,,Go'zaloy,,"170,000.00",Muslimbek,20.00,,34000,11900,8500
77,HI UNIT,,,Humora,Azizbek,"1,000,000.00",Go'zaloy,20.00,"50,000.00",200000,70000,50000
78,BRAND NEW HOUSES,,,Humora,,"10,000,000.00",Go'zaloy,20.00,,2000000,700000,500000
80,IT-INTEGRATOR,,,Muslimbek,Azizbek,"1,500,000.00",Go'zaloy,20.00,"75,000.00",300000,105000,75000
81,UNI GLOBAL,,,Humora,Azizbek,0.00,Go'zaloy,20.00,0.00,0,0,0
82,NOEL TRIP,,,Otabek,Azizbek,"800,000.00",Muslimbek,20.00,"40,000.00",160000,56000,40000
83,KOLBERG MEDICAL,,,Ilhom,Bekzod,"15,000,000.00",Go'zaloy,20.00,"750,000.00",3000000,1050000,1500000
84,TULYAGANOV FX,,,Mirabbos,Azizbek,"1,000,000.00",Muslimbek,20.00,"50,000.00",200000,70000,50000
85,SOFI TEAM,,,Ruslan,Ruslan,"700,000.00",Go'zaloy,20.00,"35,000.00",140000,49000,35000
86,RM MUROD BIZNES,,,Abrorbek,Ruslan,"1,000,000.00",Go'zaloy,20.00,"50,000.00",200000,70000,50000
87,BAROKAT TEAM,,,Ruslan,Ruslan,"700,000.00",Go'zaloy,20.00,"35,000.00",140000,49000,35000
88,UZART GROUP PROJEKT,,,Abrorbek,Azizbek,"3,000,000.00",Go'zaloy,20.00,"150,000.00",0,510000,150000
89,KORBAZAAR,,,Abdugani,Ruslan,"3,000,000.00",Go'zaloy,20.00,"150,000.00",600000,210000,150000
90,NURDEVAI ,,,Aziz shogird,Ruslan,"500,000.00",Musobek,25.00,"25,000.00",125000,35000,25000
91,MEDICAL GM,,,Musobek,,"2,500,000.00",Go'zaloy,20.00,0.00,500000,175000,125000
92,LUNA CATERING TEAM,,,Humora,Azizbek,0.00,Go'zaloy,20.00,0.00,0,0,0
93,IE ASILBEKOVA ZULFIYA,,,Dilhush,Azizbek,"700,000.00",Go'zaloy,20.00,"35,000.00",140000,49000,35000
94,QUDRATILLA ILA,,,Otabek,Ruslan,"700,000.00",Muslimbek,25.00,"35,000.00",175000,49000,35000
95,MG BUSINESS BROKERS,,,Aziz shogird,,"500,000.00",Musobek,20.00,0.00,100000,35000,25000
96,FIDELITY SERVISE,,,Humora,Azizbek,"1,000,000.00",Go'zaloy,20.00,"50,000.00",200000,70000,50000
97,EASTREX,,,Dilhush,Azizbek,"700,000.00",Go'zaloy,20.00,"35,000.00",140000,49000,35000
98,XURSHID AVTO,,,Otabek,Ruslan,"750,000.00",Muslimbek,20.00,"37,500.00",150000,52500,37500
99,VIKTORIYA TIBBIY KORIK,,,Musobek,Azizbek,"700,000.00",Go'zaloy,20.00,"35,000.00",140000,49000,35000
100,,,,,,,,,,,,
101,NOMDOR PALOV,,,Maxmuda,Ruslan,"10,000,000.00",Go'zaloy,20.00,"500,000.00",2000000,700000,500000
102,KOKTOSH SHIFO,,,Musobek,,"2,500,000.00",Go'zaloy,20.00,,500000,175000,125000
103,ALIF PHARMA,,,Musobek,Azizbek,"2,000,000.00",Go'zaloy,20.00,"100,000.00",400000,140000,100000
104,GAZA LUX,,,Abrorbek,Ruslan,"2,500,000.00",Go'zaloy,20.00,"125,000.00",500000,175000,125000
105,CRAVE TECH,,,Go'zaloy,Azizbek,"2,000,000.00",Muslimbek,20.00,"100,000.00",400000,140000,100000
106,TURON FAYZ,,,Abrorbek,Ruslan,"2,000,000.00",Go'zaloy,20.00,"100,000.00",400000,140000,100000
107,THE POWERFULL TEAM,,,Ruslan,Ruslan,"700,000.00",Go'zaloy,20.00,"35,000.00",140000,49000,35000
108,HAYRULLO QAZISI,,,Zamira,Azizbek,"1,500,000.00",Go'zaloy,20.00,"75,000.00",300000,105000,75000
109,LIDER BUSINESS,,,Zamira,Azizbek,"3,000,000.00",Go'zaloy,20.00,"150,000.00",600000,210000,150000
110,MAX NUTRITION,,,Muslimbek,Ruslan,"1,000,000.00",Go'zaloy,20.00,"50,000.00",200000,70000,50000
111,DR1VE,,,Aziz shogird,Ruslan,"700,000.00",Musobek,20.00,"35,000.00",140000,49000,35000
112,ANVAR FARM,,,Muslimbek,Bekzod,"18,000,000.00",Go'zaloy,20.00,"900,000.00",3600000,1260000,900000
113,FERUZA NUR MED,,,Abdugani,,"3,000,000.00",Go'zaloy,20.00,,600000,210000,150000
114,DURDONA ECO FARM,,,Abdugani,,"3,000,000.00",Go'zaloy,20.00,,600000,210000,150000
115,XURSAND HOUSE,,,Humora,,"2,000,000.00",Go'zaloy,20.00,,400000,140000,100000
116,BUSINESS INVEST COOPERATION,,,Humora,Ruslan,"5,000,000.00",Go'zaloy,20.00,"250,000.00",1000000,350000,250000
117,SAFORT HOUSE,,,Humora,Ruslan,"500,000.00",Go'zaloy,20.00,"25,000.00",100000,35000,25000
118,INVEST PERSONA,,,Humora,Ruslan,"500,000.00",Go'zaloy,20.00,"25,000.00",100000,35000,25000
119,STANDART CHICKEN,,,Musobek,,"12,000,000.00",Go'zaloy,20.00,,3000000,600000,600000
120,ROYAL BEAUTY,,,Hasan,,"800,000.00",Muslimbek,20.00,,160000,56000,40000
121,PATRONUM,,,Hasan,Ruslan,"1,000,000.00",Muslimbek,20.00,"50,000.00",200000,70000,50000
122,LIVINGSTONE,,,Maxmuda,,"3,000,000.00",Go'zaloy,20.00,,600000,210000,150000
123,AFUBBA,,,Abrorbek,Ruslan,"300,000.00",Go'zaloy,20.00,"15,000.00",60000,21000,15000
124,NODIR TRADING,,,Abrorbek,Ruslan,"1,000,000.00",Go'zaloy,20.00,"50,000.00",200000,70000,50000
125,SMS 86,,,Abrorbek,Ruslan,"1,000,000.00",Go'zaloy,20.00,"50,000.00",200000,70000,50000
126,AFUBBA 1149,,,Abrorbek,Ruslan,"1,000,000.00",Go'zaloy,20.00,"50,000.00",200000,70000,50000
127,1149 ALKIMYOGAR ,,,Abrorbek,Ruslan,"300,000.00",Go'zaloy,20.00,"15,000.00",60000,21000,15000
128,NEW ALKIMYOGAR GROUR,,,Abrorbek,Ruslan,"400,000.00",Go'zaloy,20.00,"20,000.00",80000,28000,20000
129,DINAR CLASS,,,Hasan,Ruslan,"1,000,000.00",Muslimbek,20.00,"50,000.00",200000,70000,50000
130,BINAAR,,,Olloshukur,,0.00,Go'zaloy,20.00,,0,0,0
131,SAFETY CCTV,,,Humora,Azizbek,"2,000,000.00",Go'zaloy,20.00,"100,000.00",400000,140000,100000
132,INTER DELEKATES,,,Maxmuda,Ruslan,0.00,Go'zaloy,20.00,0.00,0,0,0
133,STAR KAMERA,,,Mirabbos,Azizbek,"4,000,000.00",Muslimbek,20.00,"200,000.00",800000,280000,200000
134,AHSAN TECHNOLOGY,,,Mirabbos,Azizbek,0.00,Muslimbek,20.00,0.00,0,0,0
135,BIG TEAM,,,Mirabbos,Azizbek,0.00,Muslimbek,20.00,0.00,0,0,0
136,TIM BUILD INDUSTRY,,,Mirahmad,Azizbek,"2,000,000.00",Muslimbek,20.00,"100,000.00",400000,140000,100000
137,GARANT KOMPLEKS,,,Humora,,0.00,Go'zaloy,20.00,,0,0,0
138,TASTIFY,,,Ruslan,Ruslan,"700,000.00",Go'zaloy,20.00,"35,000.00",140000,49000,35000
139,REEF TRADE,,,Sherzod,,"500,000.00",Go'zaloy,20.00,0.00,100000,35000,25000
140,ELSANQURILISH,,,Abrorbek,,"6,000,000.00",Go'zaloy,20.00,,1200000,420000,300000
141,KIDDLE LAND,,,Sevara,,"750,000.00",Zamira,20.00,,150000,52500,37500
142,JASURBEK YUKSALISH OMAD,,,Dilhush,Azizbek,"1,000,000.00",Go'zaloy,20.00,"50,000.00",200000,70000,50000
143,ULTIMATE ENERGY,,,Dilhush,Ruslan,"500,000.00",Go'zaloy,20.00,"25,000.00",100000,35000,25000
144,REAL RESPECT GROUP,,,Mirabbos,Azizbek,"1,000,000.00",Muslimbek,20.00,"50,000.00",200000,70000,50000
145,DIGITAL MASTERS ACADEMY,,,Maxmuda,Azizbek,"1,000,000.00",Go'zaloy,20.00,"50,000.00",200000,70000,50000
146,NOMDOR OSH,,,Maxmuda,Ruslan,0.00,Go'zaloy,20.00,0.00,0,0,0
147,AVVITAL NATURALS,,,Muslimbek,Bekzod,"500,000.00",Go'zaloy,20.00,"25,000.00",100000,35000,25000
148,SHIFO DOKTOR XASAN,,,Abdugani,Ruslan,"3,000,000.00",Go'zaloy,20.00,"150,000.00",600000,210000,150000
149,DOOS DISTRIBUTION,,,Javohir,Azizbek,"5,000,000.00",Muslimbek,25.00,"250,000.00",1250000,350000,250000
150,ZVEZDA FARM,,,Javohir,Azizbek,0.00,Muslimbek,20.00,0.00,0,0,0
151,HUMMA,,,Mohirbek,Azizbek,"500,000.00",Musobek,20.00,"25,000.00",100000,35000,25000
152,AVTO YOL XIZMATI MARKAZI,,,Dilhush,,"500,000.00",Go'zaloy,20.00,0.00,100000,35000,25000
153,YOL TRANS SANOATI,,,Dilhush,Ruslan,"1,000,000.00",Go'zaloy,20.00,"50,000.00",200000,70000,50000
154,FC YOLBARS,,,Otabek,Ruslan,"700,000.00",Muslimbek,20.00,"35,000.00",140000,49000,35000
155,MASHXUR TAOM,,,Musobek,Ruslan,"1,000,000.00",Go'zaloy,20.00,"50,000.00",200000,70000,50000
156,SPECIAL CARGO SERVICES,,,Go'zaloy,Ruslan,"4,000,000.00",Muslimbek,20.00,"200,000.00",800000,280000,200000
157,VERTEX BETON,,,Humora,Azizbek,"5,000,000.00",Go'zaloy,20.00,"250,000.00",1000000,350000,250000
158,GELATO ICE CREAM,,,Olloshukur,,"3,000,000.00",Go'zaloy,20.00,,600000,210000,150000
159,TERRA AGRO,,,Olloshukur,,"3,000,000.00",Go'zaloy,20.00,,600000,210000,150000
160,"ООО ""SHIRIN SUPER TAOM""",308543061,НДС,Musobek,Ruslan,"2,000,000.00",Go'zaloy,20.00,"100,000.00",400000,140000,100000
161,ARM INTER GROUP,,,Aziz shogird,,"500,000.00",Musobek,20.00,,100000,35000,25000
162,SHEL A,,,Abrorbek,Azizbek,"1,500,000.00",Go'zaloy,20.00,"75,000.00",300000,105000,75000
163,X PRO TEAM,,,Hasan,Azizbek,"1,000,000.00",Muslimbek,20.00,"50,000.00",200000,70000,50000
164,YATT,,,Go'zaloy,,"300,000.00",Muslimbek,20.00,,60000,21000,15000
165,MUROD AKA Yatt lari,,,Zamira,Bekzod,"7,000,000.00",Go'zaloy,20.00,"700,000.00",1400000,490000,350000
166,RICH Y S,,,Olloshukur,,"5,000,000.00",Go'zaloy,20.00,,1000000,350000,250000
167,RAMAZON OF LINE,,,Olloshukur,,"15,000,000.00",Go'zaloy,20.00,,2000000,1050000,750000
168,LINE OF NATURE,,,Olloshukur,,"5,000,000.00",Go'zaloy,20.00,,1000000,350000,250000
169,HOMEBAZAAR YATT,,,Hasan,,"500,000.00",Muslimbek,20.00,,100000,35000,25000
170,GC TRADE,,,Olloshukur,,0.00,Go'zaloy,20.00,,0,0,0
171,ACADEMY RIZOMULK,,,Alisher,,"600,000.00",Musobek,20.00,,120000,42000,30000
172,NEKOVA MAHLIYO bogcha,,,Abrorbek,Ruslan,"2,000,000.00",Go'zaloy,20.00,"100,000.00",400000,140000,100000
174,SPLENDID SERVICE,,,Humora,Azizbek,"1,000,000.00",Go'zaloy,20.00,"50,000.00",200000,70000,50000
175,SPLENDID CATERING,,,Humora,Azizbek,"1,000,000.00",Go'zaloy,20.00,"50,000.00",200000,70000,50000
176,TRUSTLY SERVICE,,,Humora,Azizbek,0.00,Go'zaloy,20.00,,0,0,0
177,Ishonchli Havfsiz Hudud MCHJ,,,Mirabbos,,0.00,Muslimbek,20.00,,0,0,0
178,PAPER EXPERT,,,Abrorbek,Ruslan,"1,000,000.00",Go'zaloy,20.00,"50,000.00",200000,70000,50000
179,TAKSIM-KEBAB TEAM,,,Abdugani,Ruslan,0.00,Go'zaloy,20.00,,0,0,0
180,LEMON FIT,,,Abrorbek,Ruslan,"4,000,000.00",Go'zaloy,20.00,"200,000.00",800000,280000,200000
181,URBAN HEATING GROUP,,,Mirahmad,Ruslan,"10,000,000.00",Go'zaloy,20.00,"500,000.00",2000000,700000,500000
182,ARVAGTEXNIK,,,Mirahmad,Ruslan,"2,000,000.00",Go'zaloy,20.00,"100,000.00",400000,140000,100000
183,DARVESHI NAVOI,,,Mirahmad,,"5,000,000.00",Muslimbek,20.00,,1000000,350000,250000
184,LIDERS BARAKA,,,Mirahmad,,"5,000,000.00",Muslimbek,20.00,,1000000,350000,250000
185,BORAN LIDERS,,,Mirahmad,,"5,000,000.00",Muslimbek,20.00,,1000000,350000,250000
186,AYOQSH,,,Abdugani,,"3,500,000.00",Go'zaloy,20.00,,700000,245000,175000
187,AZS SHOFAYZ,,,Abdugani,,"3,500,000.00",Go'zaloy,20.00,,700000,245000,175000
188,ELIT CHICKEN,,,Musobek,,"1,000,000.00",Go'zaloy,10.00,,100000,70000,50000
189,VENU,,,Zamira,Bekzod,0.00,Go'zaloy,20.00,,0,0,0
190,FUTURE IT,,,Zamira,Bekzod,0.00,Go'zaloy,20.00,,0,0,0
191,BARQAROR 2018,,,Zamira,Bekzod,0.00,Go'zaloy,20.00,,0,0,0
192,SOFT COMFORT MK4,,,Zamira,Bekzod,0.00,Go'zaloy,20.00,,0,0,0
193,SKY GATE SERVICES,,,Maxmuda,Bekzod,0.00,Go'zaloy,20.00,,0,0,0
194,GEO DRILLING SERVICE,,,Maxmuda,Bekzod,"7,500,000.00",Go'zaloy,20.00,"375,000.00",1500000,525000,375000
195,QULAY BOX,,,Mirabbos,Ruslan,"700,000.00",Muslimbek,20.00,"35,000.00",140000,49000,35000
196,DSKP AMUDARYO,,,Zamira,Ruslan,"14,000,000.00",Go'zaloy,20.00,"700,000.00",2800000,980000,700000
197,SIDDIQ BIZNES,,,Adxam,Azizbek,"5,000,000.00",Muslimbek,20.00,"250,000.00",1000000,350000,250000
198,STIL SERVIS,,,Abdugani,Azizbek,"4,500,000.00",Go'zaloy,20.00,"225,000.00",900000,315000,225000
199,DOSANOV SCHOOL,,,Sevara,,"1,000,000.00",Zamira,20.00,,200000,70000,50000
200,RIELTORLAR PALATASI,,,Mirabbos,,"700,000.00",Muslimbek,20.00,,140000,49000,35000
201,CONSTANT GROWTH,,,Zamira,Azizbek,"2,000,000.00",Go'zaloy,20.00,"100,000.00",400000,140000,100000
202,Ohangaron Rustam Fayz,302595327,,Kamron,," 1,000,000.00    ",Musobek,20.00,,200000,70000,50000
203,Jizzakh Majic Star,309314757,,Kamron,," 500,000.00    ",Musobek,20.00,,100000,35000,25000
204,Toolstrek Ca,309850241,,Ruslan,Ruslan," 700,000.00    ",Go'zaloy,20.00,"35,000.00",140000,49000,35000
205,Dilorom-Xidoyat,206447841,,Musobek,Azizbek," 9,500,000.00    ",Go'zaloy,20.00,"475,000.00",1900000,665000,475000
206,Tursunxoja Xidoyat,306061553,,Musobek,Azizbek," 9,500,000.00    ",Muslimbek,20.00,"475,000.00",1900000,665000,475000
207,Favvora Fayz,302080350,,Musobek,Azizbek," 1,000,000.00    ",Muslimbek,20.00,"100,000.00",200000,70000,50000
208,WISE-STORE MCHJ,308722764,,Olloshukur,Abdulaziz," 7,000,000.00    ",Go'zaloy,20.00,"350,000.00",1400000,490000,350000
209,Special Building store,312094462,,Olloshukur,, -      ,Go'zaloy,20.00,,0,0,0
210,Stroy Market,305956530,,Olloshukur,Abdulaziz," 3,000,000.00    ",Go'zaloy,20.00,"150,000.00",600000,210000,150000
211,Vazifa Venchur,311910064,,Elbek,Abdulaziz," 500,000.00    ",Musobek,20.00,"25,000.00",100000,35000,25000
212,GRAYD GROUP MCHJ,312391054,,Elbek,Abdulaziz," 500,000.00    ",Musobek,20.00,"25,000.00",100000,35000,25000
213,"""SALOHIDDIN SFX"" MCHJ",312305364,,Elbek,Abdulaziz," 1,000,000.00    ",Musobek,20.00,"50,000.00",200000,70000,50000
214,Goodwill business servis MCHJ,302672681,,Musobek,Azizbek," 8,000,000.00    ",Go'zaloy,20.00,"400,000.00",1600000,560000,400000
215,Saidbek Mustafo MCHJ,304219671,,Elbek,," 6,000,000.00    ",Musobek,20.00,,1200000,420000,300000
216,MIRZAYEVLAR LOGISTICS ,309378456,,Adxam,Abdulaziz," 1,300,000.00    ",Muslimbek,20.00,"65,000.00",260000,91000,65000
217,ORIENT-CHEMICAL ,305846138,,Adxam,," 1,500,000.00    ",Muslimbek,20.00,,300000,105000,75000
218,SHOHRUZ-IMRON-SHERDOR OK ,305578771,,Adxam,Abdulaziz," 800,000.00    ",Muslimbek,20.00,"40,000.00",160000,56000,40000
219,NORBEKOV IT ,30905921571729,,Adxam,," 1,000,000.00    ",Muslimbek,20.00,,200000,70000,50000
220,MIXTRUE SEMENT ,310585944,,Adxam,," 1,000,000.00    ",Muslimbek,20.00,,200000,70000,50000
221,FOREST SCHOOL   ,311250245,,Elbek,Abdulaziz," 2,000,000.00    ",Musobek,20.00,"100,000.00",400000,140000,100000
222,BEST BROOMS ,312405929,,Elbek,," 2,500,000.00    ",Musobek,20.00,,500000,175000,125000
223,LOGAN,311074535,,Abrorbek,Abdulaziz," 6,000,000.00    ",Go'zaloy,20.00,"300,000.00",1200000,420000,300000
224,"""In'tegrity"" MCHJ",309449913,,Mirabbos,Abdulaziz," 1,500,000.00    ",Muslimbek,20.00,"75,000.00",300000,105000,75000
225,YATT Abdurasulova Lola,40806820470047,,Mirabbos,Abdulaziz, -      ,Muslimbek,20.00,0.00,0,0,0
226,"""Omad texno-trans"" MCHJ",310393360,,Adxam,Abdulaziz, -      ,Muslimbek,20.00,0.00,0,0,0
227,YATT Dilova Nigora,40404772720014,,Adxam,Abdulaziz, -      ,Muslimbek,20.00,0.00,0,0,0
228,"""Sunny brand"" OK",307807888,,Adxam,," 1,400,000.00    ",Muslimbek,20.00,,280000,98000,70000
229,"""Dilsevar Hojakbar"" MCHJ",311985232,,Otabek,," 500,000.00    ",Muslimbek,20.00,,100000,35000,25000
230,"""AvloAI"" MCHJ",311494868,,Otabek,Abdulaziz," 500,000.00    ",Muslimbek,20.00,"25,000.00",100000,35000,25000
231,"""Mastercoffee Roaster"" MCHJ",311638211,,Mirabbos,Abdulaziz," 2,500,000.00    ",Muslimbek,20.00,"125,000.00",500000,175000,125000
232,"""Dashtobod aloqa-service"" MCHJ",301844182,,Otabek,," 500,000.00    ",Muslimbek,20.00,,100000,35000,25000
233,EUROSOFT,305976474,,Otabek,Azizbek," 900,000.00    ",Muslimbek,20.00,"45,000.00",180000,63000,45000
234,"""Corsa' MChJ",311817724,,Kamron,Abdulaziz," 700,000.00    ",Musobek,20.00,"35,000.00",140000,49000,35000
235,"""Shox-Muhandis""",312108030,,Kamron,," 1,000,000.00    ",Musobek,20.00,,200000,70000,50000
236,"""Iftixor Holding"" MChJ",312168908,,Kamron,Abdulaziz," 700,000.00    ",Musobek,20.00,"35,000.00",140000,49000,35000
237,Avto nams ,311081052,,Kamron,Abdulaziz," 1,300,000.00    ",Musobek,20.00,"65,000.00",260000,91000,65000
238,Hyper nams ,310817377,,Kamron,Abdulaziz," 1,300,000.00    ",Musobek,20.00,"65,000.00",260000,91000,65000
239,Integral servis,302528344,,Kamron,Abdulaziz," 8,000,000.00    ",Musobek,20.00,"400,000.00",1600000,560000,400000
240,FAROBIY 77,307860928,,Kamron,," 1,200,000.00    ",Musobek,20.00,,240000,84000,60000
241,ASIA PRO GROUP,,,Elbek,," 700,000.00    ",Musobek,20.00,,140000,49000,35000
242,TOSHMI DIAGNOSTIKA,,,Elbek,Abdulaziz," 1,200,000.00    ",Musobek,20.00,"60,000.00",240000,84000,60000
243,HALOL OSHPAZ,,,Elbek,Abdulaziz," 800,000.00    ",Musobek,20.00,"40,000.00",160000,56000,40000
244,HALOL OSHPAZ JAMOASI,,,Elbek,Abdulaziz, -      ,Musobek,20.00,0.00,0,0,0
245,AZIM DARYO,,,Humora,," 500,000.00    ",Go'zaloy,20.00,,100000,35000,25000
246,GIPPER LUVER,,,Humora,," 1,000,000.00    ",Go'zaloy,20.00,,200000,70000,50000
247,7 NEBO,,,Humora,," 500,000.00    ",Go'zaloy,20.00,,100000,35000,25000
248,SIRLY MCHJ,,,Kamron,," 500,000.00    ",Musobek,20.00,,100000,35000,25000
249,NOSIROV XOJIAKBAR YaTT,,,Kamron,," 500,000.00    ",Musobek,20.00,,100000,35000,25000
250,FAXRIDDIN SAODAT PHARM,,,Hasan,Ruslan," 2,000,000.00    ",Muslimbek,20.00,"100,000.00",400000,140000,100000
251,ALIMXANOV ABDURAZZOQ,,,Kamron,," 300,000.00    ",Musobek,20.00,,60000,21000,15000
252,,,,,,,,,,,,
253,SUHROBBEK PARIZODA,,,Kamron,," 1,000,000.00    ",Musobek,20.00,,200000,70000,50000
254,HARDPRESS CNC,312340250,,Kamron,,"500,000.00",Musobek,20.00,,100000,35000,25000
255,SAHARA UTD,,,Kamron,,"500,000.00",Musobek,20.00,,100000,35000,25000
256,BRR OIL BIZNES,,,Muslimbek,Azizbek,"1,000,000.00",Go'zaloy,20.00,"50,000.00",200000,70000,50000
257,IBRAGIMOV SALE,,,Mirahmad,Azizbek,"3,500,000.00",Muslimbek,20.00,"175,000.00",700000,245000,175000
258,GREAT KOMAX,,,Muslimbek,,"5,000,000.00",Go'zaloy,20.00,,1000000,350000,250000
259,VULKAN TRADE,,,Zamira,,"700,000.00",Go'zaloy,20.00,,140000,49000,35000
260,E DOKON,,,Zamira,,"700,000.00",Go'zaloy,20.00,,140000,49000,35000
261,VT TRAVEL,,,Zamira,,"1,000,000.00",Go'zaloy,20.00,,200000,70000,50000
262,RF BUILDINGS,,,Maxmuda,,"500,000.00",Go'zaloy,20.00,,100000,35000,25000
263,AIFREIGHT,,,Go'zaloy,,"700,000.00",Muslimbek,20.00,,140000,49000,35000
264,Infinity group in industry,,,Go'zaloy,,"1,000,000.00",Muslimbek,20.00,,200000,70000,50000
,NUR UP,,,Olloshukur,,"2,000,000.00",Go'zaloy,20.00,,400000,140000,100000
,BUNYOD CHORBOG,,,Alisher,,"1,500,000.00",Musobek,20.00,,300000,105000,75000
,BUNYOD OMAD SERVISE,,,Alisher,,"1,500,000.00",Musobek,20.00,,300000,105000,75000
,BUNYOD SULTON SHOX,,,Alisher,,0.00,Musobek,20.00,,0,0,0
,TASHMATOV GROUP,,,Mohirbek,,"1,500,000.00",Musobek,20.00,,300000,105000,75000
,EFFSARI,,,Hasan,,,Muslimbek,20.00,,0,0,0
,ELMIR FOOD CORP,,,Alisher,,"1,500,000.00",Musobek,20.00,,300000,105000,75000
,YULDUZ ALIBAYEVA YATT,,,Sevara,,,Zamira,20.00,,0,0,0
,OILL SEVEN,,,Muslimbek,,"5,000,000.00",Go'zaloy,20.00,,1000000,350000,250000
,FITLINE FITNES CENTR,,,Go'zaloy,,"4,000,000.00",Muslimbek,20.00,,800000,280000,200000
,ECO ZELEN,,,Mirahmad,,"2,000,000.00",Go'zaloy,20.00,,400000,140000,100000
,GRAND CANYON HOTEL,,,Alisher,,"2,000,000.00",Musobek,20.00,,400000,140000,100000
,GREEN ENERGY MUXRIDDIN,,,Kamron,,"3,000,000.00",Musobek,20.00,,600000,210000,150000
,SINHAI,,,Otabek,,"1,500,000.00",Muslimbek,20.00,,300000,105000,75000
,XASHAMATLI SAROY,,,Mohirbek,,"500,000.00",Musobek,20.00,,100000,35000,25000
,INTEGRATION,,,Mohirbek,,"500,000.00",Musobek,20.00,,100000,35000,25000
,,,,,,,,,,,,
,,,,,,,,,,,,
,,,,,,,,,,,,
,,,,,,,,,,,,
,,,,,,"652,820,000.00",,," 19,955,000.00    "," 109,674,000.00    "," 44,757,400.00    "," 28,791,000.00    "
,,,,,,"639,020,000.00",,,,,,
,,,,,,,,,,,,
,,,,,,,,,,,,
,,,,,,,,,накд,,,
,,Oylik,Qo'shimcha,KPI,Jami oylik,Avans,Naqd,Plastik,Raschet,,olindi,
1,Abrorbek," 7,040,000.00    "," 1,000,000.00    "," 437,850.00    "," 8,477,850.00    ",,,,"8,477,850.00","65,866,410.00",tarqatildi,
2,Musobek," 13,210,000.00    ",," 997,700.00    "," 14,207,700.00    "," 6,000,000.00    ",,,"8,207,700.00","-65,866,410.00",,
3,Axmadjon, -      ," 5,000,000.00    "," 422,500.00    "," 5,422,500.00    "," 1,500,000.00    ",," 5,722,500.00    ","-1,800,000.00",,,
4,Azizbek, -      ," 8,917,500.00    "," 3,539,000.00    "," 12,456,500.00    ",," 12,486,500.00    ",,"-30,000.00",,,
5,Olloshukur," 7,600,000.00    "," 2,000,000.00    ","-84,500.00    "," 9,515,500.00    "," 2,000,000.00    ",," 7,915,500.00    ","-400,000.00",,,
6,Dilmurod , -      ," 9,000,000.00    ", -      ," 9,000,000.00    "," 1,000,000.00    ",," 8,000,000.00    ",0.00,,,
7,Bekzod, -      ," 6,750,000.00    "," 860,000.00    "," 7,610,000.00    "," 2,000,000.00    ",," 5,610,000.00    ",0.00,,,
8,Otabek," 2,645,000.00    ",," 299,575.00    "," 2,944,575.00    ",," 2,669,575.00    ",,"275,000.00",,,
9,Go'zaloy," 8,134,000.00    "," 22,072,500.00    "," 1,633,785.00    "," 31,840,285.00    "," 2,000,000.00    "," 26,180,285.00    ",,"3,660,000.00",,,
10,Mirahmad," 7,644,000.00    ",," 897,500.00    "," 8,541,500.00    "," 2,000,000.00    ",,,"6,541,500.00",,,
11,Ruslan," 1,340,000.00    "," 6,257,500.00    "," 2,572,500.00    "," 10,170,000.00    "," 9,000,000.00    "," 1,170,000.00    ",,0.00,,,
12,Maxmuda," 7,320,000.00    "," 6,000,000.00    "," 640,900.00    "," 13,960,900.00    "," 2,000,000.00    ",," 11,960,900.00    ",0.00,,,
13,Mirabbos," 5,080,000.00    "," 800,000.00    "," 389,600.00    "," 6,269,600.00    ",,,,"6,269,600.00",,,
14,Muslimbek," 9,740,000.00    "," 9,318,500.00    "," 1,269,800.00    "," 20,328,300.00    "," 4,500,000.00    "," 12,783,300.00    ",,"3,045,000.00", ,,
15,Humora," 7,096,000.00    "," 400,000.00    "," 1,091,800.00    "," 8,587,800.00    ",," 7,787,800.00    ",,"800,000.00",,,
16,Zamira," 8,280,000.00    ",," 825,000.00    "," 9,105,000.00    "," 2,250,000.00    ",," 6,855,000.00    ",0.00,,,
17,Sherzod," 200,000.00    "," 2,000,000.00    ", -      ," 2,200,000.00    ",," 2,200,000.00    ",,0.00,,,
18,Dilhush," 1,420,000.00    "," 7,000,000.00    "," 168,950.00    "," 8,588,950.00    "," 8,000,000.00    "," 588,950.00    ",,0.00,,,
19,Abdugani," 7,140,000.00    ",," 355,900.00    "," 7,495,900.00    ",,," 6,095,900.00    ","1,400,000.00",,,
20,Adxam," 3,800,000.00    "," 6,500,000.00    "," 477,600.00    "," 10,777,600.00    "," 2,500,000.00    ",," 8,277,600.00    ",0.00,,,
21,Ilhom," 3,000,000.00    "," 6,000,000.00    ",," 9,000,000.00    ",,," 9,000,000.00    ",0.00,,,
22,Javohir," 1,850,000.00    "," 2,100,000.00    "," 368,550.00    "," 4,318,550.00    "," 3,825,000.00    ",," 3,403,550.00    ","-2,910,000.00",,,
23,Kamron," 4,400,000.00    "," 940,000.00    ","-128,700.00    "," 5,211,300.00    ",,," 3,331,300.00    ","1,880,000.00",,,
24,Elbek," 3,040,000.00    "," 1,536,000.00    ","-478,450.00    "," 4,097,550.00    "," 700,000.00    ",,,"3,397,550.00",,,
25,Abdulaziz,," 2,030,000.00    "," 322,000.00    "," 2,352,000.00    "," 1,300,000.00    ",," 1,052,000.00    ",0.00,,,
26,Hasan," 1,460,000.00    ",,"-346,000.00    "," 1,114,000.00    ",,," 1,114,000.00    ",0.00,,,
,Alisher," 1,620,000.00    ",,,,,,,,,,
,Mohirbek," 940,000.00    ",,,,,,,,,,
,Sevara," 750,000.00    ",,,,,,,,,,
,Aziz shogird," 565,000.00    ",,,,,,,,,,
27,," 44,757,400.00    "," 350,000.00    ", -      ," 45,107,400.00    ",,,,"45,107,400.00",,,
,,,,,,,,,,,,
,Xammasi," 160,071,400.00    "," 105,972,000.00    "," 16,532,860.00    "," 278,701,260.00    "," 50,575,000.00    "," 65,866,410.00    "," 78,338,250.00    ","83,921,600.00",,,
,,,,,,,,,,,,
,#REF!,,,,,,,,,,,
,"22,000,000.00",аренда,,,,,,,,,,
,"8,000,000.00",овкат,,,,,,,,,,
,"3,000,000.00",админ,,,,,,,,,,
,"2,000,000.00",фаррош ва средствалар,,,,,,,,,,
,"1,000,000.00",комунал,,,,,,,,,,
,#REF!,ечиш,,,,,,,,,,
,#REF!,солик,,,,,,,,,,
,"1,500,000.00",1-С,,,,,,,,,,
,#REF!,,,,,,,,,,,
,,,,,,,,,,,,
,,,,,,,,,,,,
,,,,,,,,,,,,
,,,,,,,,,,,,
,,,,,,,,,,,,
,,,,,,,,,,,,
,,,,,,,,,,,,
,,,,,,,,,,,,
,,,,,,,,,,,,
,,,,,,,,,,,,
,,,,,,,,,,,,
,,,,,,,,,,,,
,,,,,,,,,,,,
,,,,,,,,,,,,
,,,,,,,,,,,,
,,,,,,,,,,,,
,,,,,,,,,,,,
,,,,,,,,,,,,
,,,,,,,,,,,,
,,,,,,,,,,,,
,,,,,,,,,,,,
,,,,,,,,,,,,
,,,,,,,,,,,,
,,,,,,,,,,,,
,,,,,,,,,,,,
,,,,,,,,,,,,
,,,,,,,,,,,,
,,,,,,,,,,,,
,,,,,,,,,,,,
,,,,,,,,,,,,
,,,,,,,,,,,,
,,,,,,,,,,,,
,,,,,,,,,,,,
,,,,,,,,,,,,
,,,,,,,,,,,,
,,,,,,,,,,,,
,,,,,,,,,,,,
,,,,,,,,,,,,
,,,,,,,,,,,,
,,,,,,,,,,,,
,,,,,,,,,,,,
,,,,,,,,,,,,
,,,,,,,,,,,,
,,,,,,,,,,,,
,,,,,,,,,,,,
,,,,,,,,,,,,
,,,,,,,,,,,,
,,,,,,,,,,,,
,,,,,,,,,,,,
,,,,,,,,,,,,
,,,,,,,,,,,,
,,,,,,,,,,,,
,,,,,,,,,,,,
,,,,,,,,,,,,
,,,,,,,,,,,,
,,,,,,,,,,,,
,,,,,,,,,,,,
,,,,,,,,,,,,
,,,,,,,,,,,,
,,,,,,,,,,,,
,,,,,,,,,,,,
,,,,,,,,,,,,
,,,,,,,,,,,,
,,,,,,,,,,,,
,,,,,,,,,,,,
,,,,,,,,,,,,
,,,,,,,,,,,,
,,,,,,,,,,,,
,,,,,,,,,,,,
,,,,,,,,,,,,
,,,,,,,,,,,,
,,,,,,,,,,,,
,,,,,,,,,,,,
,,,,,,, ,,,,,
